OBJECTID,Name,Anzahl der Einwohnerinnen und Einwohner,Anzahl der Kinder und Jugendlichen unter 18 Jahren,Anteil Kinder und Jugendlicher unter 18 Jahren an der Gesamt-bev,Anzahl älterer Einwohnerinnen und Einwohner über 64 Jahren,Anteil älterer Einwohnerinnen und Einwohner über 64 Jahren an de,Anzahl ausländischer Einwohnerinnen und Einwohner,Anteil ausländischer Einwohnerinnen und Einwohner an der Gesamt-,Anzahl der Einwohnerinnen und Einwohner mit Migrations-hintergru,Anteil der Einwohnerinnen und Einwohner mit Migrations-hintergru,Anzahl der Kinder und Jugendlichen unter 18 Jahren mit Migration,Anteil Kinder und Jugendlicher unter 18 Jahren mit Migrations-hi,Anzahl der Haushalte,Durchschnittliche Anzahl der Personen je Haushalt,Anzahl der Einpersonen-haushalte,"Anteil der Haushalte, in denen nur eine Person lebt, an allen Ha",Anzahl der Haushalte mit Kindern,"Anteil der Haushalte, in denen Kinder leben, an allen Haushalten","Anzahl der Haushalte, in denen Alleinerziehende leben","Anteil der Haushalte, in denen Alleinerziehende leben, an allen",Fläche in km²,Einwohnerinnen und Einwohner je km²,Anzahl der Lebendgeborenen,Anzahl der Sterbefälle,Zuzüge über die Stadtteilgrenze im Jahr 2017,Fortzüge über die Stadtteilgrenze im Jahr 2017,Differenz der Zuzüge und Fortzüge über die Stadtteilgrenze,Sozial-versicherungs-pflichtig Beschäftigte am Wohnort,Anteil sozial-versicherungs-pflichtig Beschäftigter am Wohnort a,Anzahl der Arbeitslosen,Anteil der Arbeitslosen an den Erwerbsfähigen (15 bis unter 65-J,Jüngere Arbeitslose im Alter von 15 bis unter 25 Jahren,Anteil jüngerer Arbeitsloser (15 bis unter 25-Jährige) an den jü,Ältere Arbeitslose im Alter von 55 bis unter 65 Jahren,Anteil älterer Arbeitsloser (55 bis unter 65-Jährige) an den ält,Anzahl der Leistungs-empfängerinnen und Leistungs-empfänger nach,Anteil der Leistungs-empfängerinnen und Leistungs-empfänger nach,Anzahl der Leistungs-empfängerinnen und Leistungs-empfänger nac1,Anteil der Leistungs-empfängerinnen und Leistungs-empfänger nac1,Anzahl der Bedarfs-gemeinschaften nach SGB II,Anzahl der Lohn- und Einkommen-steuerpflichtigen (2013),Gesamtbetrag der Einkünfte je Steuerpflichtigen (Lohn- und Einko,Anzahl der Wohngebäude,Anzahl der Wohnungen,Anzahl der bezugsfertig gewordenen Wohnungen im Jahr,Anzahl der Wohnungen in Ein- und Zweifamilien-häusern,Anteil der Wohnungen in Ein- und Zweifamilien-häusern an allen W,Durchschnittliche Wohnungsgröße in m²,Durchschnittliche Wohnfläche je Einwohner/-in in m²,Anzahl der Sozialwohnungen,Anteil der Sozialwohnungen an allen Wohnungen,Anzahl der Sozialwohnungen mit Bindungsauslauf bis 2022,Anteil der Sozialwohnungen mit Bindungsauslauf bis 2022 an allen,Durchschnittlicher Immobilienpreis für ein Grundstück in EUR/m²,Durchschnittlicher Immobilienpreis für ein Ein- bzw Zweifamilien,Durchschnittlicher Immobilienpreis für eine Eigentums-wohnung in,Kindergärten und Vorschulklassen für Kinder im Alter von 3 Jahre,Anzahl der Grundschulen,Anzahl der Schülerinnen und Schüler der Sekundarstufe I (nach Wo,Anteil der Schülerinnen und Schüler in Stadtteilschulen an allen,Anteil der Schülerinnen und Schüler in Gymnasien an allen Schüle,Anzahl der niedergelassenen Ärzte,Anzahl der Allgemeinärzte,Anzahl der Zahnärzte,Anzahl der Apotheken,Anzahl privater PKW,Anzahl der privaten PKW je 1 000 Einwohnerinnen und Einwohner,Shape__Area,Shape__Length
1,Hamburg-Altstadt,2305,277,12.0173535791757,256,11.1062906724512,506,21.9522776572668,990,42.9128738621586,182,65.7039711191336,1508,1.59283819628647,939,62.2679045092838,187,12.4005305039788,47,25.1336898395722,1.30034722827,1772.60346305087,46,8,344,343,1,1127,62.8,98,5.44142143253748,8,4.73372781065089,9,4.5,244,10.58568329718,63,25.4032258064516,136,1952,31336,99,1346,2,17,1.2630014858841,73.3893016344725,42.8555314533623,189,14.0416047548291,51,27,0,0,0,1,0,61,55.7377049180328,40.9836065573771,161,48,45,8,629,272.885032537961,3676562.25585938,9028.1805322816
2,HafenCity,3627,756,20.8436724565757,333,9.18114143920596,1168,32.2029225255032,1718,47.2627235213205,512,67.6354029062087,1745,2.11575931232092,707,40.5157593123209,416,23.8395415472779,62,14.9038461538462,2.42561203,1495.29271587592,68,9,903,665,238,1191,47.5,86,3.30007674597084,11,3.19767441860465,7,2.36486486486486,487,13.4270747173973,171,24.8546511627907,205,1255,93206,86,1478,182,6,0.40595399188092,92.7970230040595,37.8147229114971,8,0.54127198917456,0,0,0,0,0,4,1,138,48.5507246376812,46.3768115942029,13,5,7,1,960,264.681555004136,6860720.38134766,13902.6913342593
3,Neustadt,12719,1456,11.4474408365438,1836,14.4350970988285,2580,20.2846135702492,4670,36.6446955430006,732,50.4827586206897,8755,1.49800114220445,6042,69.0119931467733,1006,11.4905768132496,287,28.5288270377734,2.26190223946,5623.14311295633,152,70,1819,1813,6,5671,58.7,504,5.23636363636364,26,2.54652301665034,106,7.54985754985755,969,7.61852346882617,151,12.0031796502385,666,7015,34521,641,7482,49,67,0.895482491312483,63.0072173215718,37.0642346096391,1360,18.1769580326116,617,45.4,0,0,0,11,1,400,50,48.25,173,18,76,9,3131,246.167151505622,6395226.11914063,11133.9231140935
4,St. Pauli,22501,2991,13.2927425447758,2150,9.55513088307186,4880,21.687924981112,8309,36.8013110107184,1435,48.0093676814988,15163,1.53234847985227,10462,68.9969003495351,1974,13.0185319527798,638,32.3201621073962,2.2424876661,10033.945934308,239,150,2933,2823,110,9368,52.8,1316,7.42035522977164,60,3.18640467339352,220,10.3141115799344,2987,13.2749655570864,607,23.2033639143731,1933,11066,27977,1281,12481,100,169,1.35405816841599,64.2342760996715,35.6298831163059,1828,14.6462623187245,438,24,0,0,0,18,1,818,56.479217603912,39.2420537897311,39,11,15,8,4370,194.213590507089,6343532.83642578,15968.6751231211
5,St. Georg,11055,1108,10.0226142017187,1397,12.636815920398,2552,23.0845771144279,4274,38.6088527551942,588,52.7354260089686,7207,1.51505480782572,4892,67.8784515054808,732,10.1567920077702,179,24.4535519125683,1.82265748887,6065.31949502691,116,90,2005,1770,235,4743,55.7,427,4.90973899045648,25,2.14961306964746,71,5.81967213114754,819,7.40841248303935,128,13.3194588969823,549,5683,44121,537,6091,64,56,0.919389262846823,71.0898046297816,39.1685210312076,684,11.2296831390576,260,38,0,0,0,8,3,299,43.1438127090301,54.180602006689,106,36,15,7,2300,208.05065581185,5155060.81689453,9795.65067019816
6,Hammerbrook,3939,448,11.3734450368114,133,3.37649149530338,1812,46.001523229246,2470,62.4841892233746,379,84.4097995545657,2009,1.55450472872076,1314,65.4056744649079,201,10.0049776007964,55,27.363184079602,2.4959865878,1578.13348006485,61,8,1356,1615,-259,1645,47.4,248,7.25358291898216,29,3.34486735870819,26,12.807881773399,724,18.3802995684184,155,40.0516795865633,475,1199,19468,86,1877,203,6,0.319659030367608,56.9035695258391,27.1155115511551,219,11.6675546084177,0,0,860,0,0,5,1,119,62.1848739495798,27.7310924369748,0,0,12,0,497,126.174155877126,7055490.01220703,11837.7338220929
7,Borgfelde,7635,834,10.9233791748527,923,12.0890635232482,2201,28.8277668631303,3403,44.483660130719,588,70.7581227436823,4462,1.47870909905872,3065,68.691169878978,441,9.88346033168983,125,28.3446712018141,0.8218548059,9289.96210180828,72,54,1631,1530,101,3296,56,302,5.05439330543933,25,2.01126307320998,49,7.53846153846154,888,11.6306483300589,224,30.393487109905,508,3643,26217,380,4379,30,43,0.981959351450103,55.5430463576159,31.8563195808775,134,3.06005937428637,34,25.4,664,0,0,3,0,211,55.4502369668246,40.7582938388626,3,2,4,2,1645,215.455140798952,2324896.81640625,6758.11594441057
8,Hamm,38716,4453,11.5017047215621,5398,13.9425560491786,7037,18.175947928505,13792,35.6198347107438,2795,62.9362756136005,26171,1.4945168316075,17808,68.0447823927248,2871,10.9701578082611,888,30.9299895506792,3.8888000964,9955.77017081459,487,331,5488,5066,422,18895,65.2,1542,5.23972951850216,90,2.19512195121951,236,6.37321091007291,3952,10.2076660812067,980,25.1992800205708,2304,21255,25745,2314,23287,45,258,1.10791428694121,58.7113410915962,35.3138495712367,1228,5.27332846652639,99,8.1,397,0,0,15,4,1168,57.791095890411,38.6986301369863,25,11,28,6,10136,261.803905362124,10997668.8198242,15696.3122952373
9,Horn,38569,6001,15.5591277969354,6039,15.6576525188623,9906,25.6838393528481,19729,51.1166960306768,4474,74.5169886742172,22763,1.70618986952511,13535,59.4605280499055,3596,15.7975662258929,1188,33.0367074527253,5.8975949211,6539.78452504606,439,417,4622,4587,35,15209,55.6,1885,6.875045590488,137,2.76376840831148,283,6.7284831193533,6428,16.6662345406933,1844,36.0719874804382,3345,17772,21685,2760,19338,42,994,5.14013858723756,60.8753749095046,30.522129171096,1637,8.46519805564174,101,6.2,382,0,0,15,5,1854,65.2642934196332,29.7734627831715,37,21,14,6,10075,261.22015089839,16677328.487793,18464.4311496976
10,Billstedt,70539,13653,19.3552502870752,12646,17.9276712173408,17768,25.1889025928919,40525,57.4521173284943,10337,76.0241229683018,35135,2.00512309662729,16421,46.7368720648926,7814,22.239931692045,2378,30.4325569490658,16.9238394039,4168.02584310418,873,694,5825,5470,355,24312,52.4,3842,8.24959202954565,339,4.00803972570348,572,6.42913341575812,14833,21.0280837550858,4459,39.3869799487678,6906,29100,23247,7970,31632,46,6274,19.8343449671219,72.3471800708144,32.4428472192688,7450,23.5520991401113,0,34.4,401,0,0,26,8,4504,67.4733570159858,29.0408525754885,95,45,33,8,21704,307.687945675442,47838196.7382813,36971.2979537312
11,Billbrook,2097,650,30.9966618979495,116,5.53171196948021,1635,77.9685264663806,1806,85.188679245283,632,97.3805855161787,628,1.53343949044586,464,73.8853503184713,68,10.828025477707,18,26.4705882352941,6.288611786,333.45992269207,40,10,645,743,-98,493,33.5,167,11.6864940517845,24,7.25075528700906,19,10.9826589595376,1000,47.6871721506915,387,70.1086956521739,372,403,22625,83,284,0,72,25.3521126760563,65.8450704225352,8.9175011921793,0,0,0,0,248,0,0,1,1,217,79.7235023041475,13.3640552995392,0,0,0,0,297,141.630901287554,17761958.909668,18375.2068146925
12,Rothenburgsort,9225,1581,17.1382113821138,1344,14.5691056910569,2593,28.1084010840108,5147,55.6372284077397,1242,78.6075949367089,5275,1.7503317535545,3150,59.7156398104265,892,16.9099526066351,295,33.0717488789238,7.1908586958,1282.87877571396,103,101,1107,1033,74,3554,55.2,547,8.41409013997846,38,3.7037037037037,82,7.7140169332079,1841,19.9566395663957,575,41.6666666666667,912,4024,20473,523,4596,38,137,2.98085291557876,60.5395996518712,30.1615176151762,903,19.6475195822454,225,24.9,274,0,0,4,1,461,67.8958785249458,24.9457700650759,5,5,5,2,2380,257.994579945799,20311524.0654297,25712.8870102889
13,Veddel,4667,925,19.8200128562246,388,8.31369187915149,2106,45.125348189415,3374,72.3103300471496,848,91.8743228602384,2510,1.8800796812749,1433,57.0916334661355,520,20.7171314741036,146,28.0769230769231,4.3712061615,1067.66870002729,52,15,609,583,26,1769,51.5,333,9.51156812339332,29,3.90309555854643,36,10.3448275862069,1118,23.9554317548747,334,42.9305912596401,505,1911,15831,210,2040,0,14,0.686274509803922,60.9637254901961,26.6479537175916,413,20.2450980392157,98,23.7,247,0,0,2,1,340,79.7058823529412,17.0588235294118,3,3,3,0,787,168.630812084851,12341708.1831055,15718.6985919704
14,Wilhelmsburg,54169,11236,20.7424910926914,7294,13.4652661116137,17593,32.4779855636988,32447,59.9427304636985,8767,78.4027901985334,26250,2.03390476190476,12879,49.0628571428571,6068,23.1161904761905,1604,26.4337508239947,35.38672277063,1530.77187596922,743,475,5229,6176,-947,19577,51.9,3399,9.06617588221173,282,3.88858246001103,424,8.0577727099962,11703,21.6046078015101,3666,39.0664961636829,5255,21384,21890,4653,22618,55,3174,14.0330710053939,69.6894950924043,29.0985065258727,5245,23.1894950924043,650,12.4,231,0,0,27,7,3640,70.7142857142857,22.6648351648352,71,39,22,9,13544,250.032306300652,99801434.1025391,52248.2321508338
15,Altona-Altstadt,29408,4486,15.2543525571273,3783,12.8638465723613,5757,19.5763057671382,11150,37.932911478533,2346,52.5537634408602,18059,1.65274932166787,11314,62.6502021152888,2928,16.2135223434299,910,31.0792349726776,2.71787269504,10820.2271775526,390,211,3453,3339,114,12181,56.3,1544,7.11717525583111,112,4.28626100267891,263,8.62012454932809,3611,12.2789717083787,816,20.7580768252353,2196,14861,30833,1611,16313,219,187,1.14632501685772,63.3134310059462,35.1207834602829,2320,14.2217863054006,605,26.1,0,0,0,27,3,1239,57.7885391444713,39.5480225988701,191,48,42,9,6708,228.10119695321,7684882.26367188,14569.8668954155
16,Sternschanze,8080,1146,14.1831683168317,828,10.2475247524752,1612,19.950495049505,2962,36.6448100952617,587,51.3560804899388,5250,1.55904761904762,3542,67.4666666666667,759,14.4571428571429,232,30.566534914361,0.5484489044,14732.4571809282,97,110,1254,1221,33,3399,54,388,6.19709311611564,20,2.76243093922652,53,8.25545171339564,883,10.9282178217822,211,21.2916246215943,513,4147,31125,498,4305,0,80,1.85830429732869,68.2596980255517,36.3685643564356,456,10.5923344947735,77,16.9,0,0,0,4,1,287,54.3554006968641,42.1602787456446,39,6,4,2,1447,179.084158415842,1551663.39599609,8261.93404911072
17,Altona-Nord,22946,3647,15.8938377059182,2297,10.0104593393184,4387,19.1188006624248,8365,36.5140337858484,1875,51.624449339207,13954,1.65135445033682,8752,62.7203669198796,2299,16.475562562706,651,28.3166594171379,2.21781677274,10346.2108691925,331,113,3371,2901,470,9761,57,1139,6.52535090232025,61,2.90753098188751,170,7.44960560911481,2737,11.928004881025,662,20.7263619286162,1617,11541,29901,1159,12084,229,123,1.01787487586892,63.9192320423701,33.6616403730498,1332,11.0228401191658,277,20.8,0,0,0,14,2,955,59.6858638743455,37.2774869109948,34,6,6,5,5166,225.137278828554,6274910.06738281,13678.8974507204
18,Ottensen,35480,5585,15.7412626832018,4891,13.7852311161218,4577,12.9002254791432,9342,26.3429489890872,1933,34.6664275466284,21616,1.66381384159882,13264,61.3619541080681,3745,17.3251295336788,1026,27.3965287049399,2.79519065763,12693.2307473019,457,214,3801,3916,-115,14942,57.9,1197,4.65089171232078,59,1.97456492637216,220,5.45094152626363,2205,6.21476888387824,415,8.55317394888706,1462,18815,40830,2399,19593,108,416,2.1232072679018,70.4211708263155,38.8884441939121,1086,5.54279589649365,572,52.7,0,0,0,34,4,1547,46.8648998060763,51.4544279250162,175,28,61,9,9646,271.871476888388,7903566.84814453,12974.6331550211
19,Bahrenfeld,31160,5216,16.7394094993581,3988,12.798459563543,7464,23.9537869062901,11481,36.8654272228109,2606,49.9904085938999,16912,1.73515846736045,9934,58.7393566698202,2961,17.5082781456954,711,24.0121580547112,10.540972282,2956.08404674486,403,246,4824,4938,-114,12442,55.1,1347,5.93235268211046,140,3.98519783660689,203,6.9377990430622,3800,12.1951219512195,893,19.9955217196597,2290,14963,33565,3535,14490,46,2309,15.9351276742581,69.7907522429262,32.4540436456996,372,2.56728778467909,0,0,714,0,0,27,4,1420,56.056338028169,41.830985915493,39,12,23,5,8654,277.727856225931,29839782.4443359,28120.4643732366
20,Groß Flottbek,11034,2203,19.9655609932935,2368,21.4609389160776,1409,12.7696211709262,2472,22.3892763336654,624,28.3121597096189,5268,2.09320425208808,2282,43.3181473044799,1291,24.5064540622627,180,13.9426800929512,2.3707788771,4654.16665661248,101,95,1232,1181,51,3210,47.2,117,1.70902716914987,5,0.398724082934609,29,2.4126455906822,98,0.888163857168751,13,0.714285714285714,67,5126,85952,2446,5254,17,2209,42.0441568328892,104.260753711458,49.6452782309226,36,0.685192234488009,0,0,0,0,0,7,1,711,15.0492264416315,84.5288326300984,70,13,21,4,4707,426.590538336052,6707705.74121094,11655.5653091026
21,Othmarschen,15281,3132,20.4960408350239,3190,20.8755971467836,1854,12.1327138276291,3842,25.1324654935566,1119,35.785097537576,7214,2.10909342944275,3014,41.7798724701968,1834,25.4227890213474,255,13.9040348964013,5.9468143574,2569.61106932569,204,139,1870,1629,241,4702,50.1,234,2.49148211243612,14,1.05820105820106,44,2.72277227722772,462,3.02336234539624,138,5.11300481659874,219,7056,108258,2748,7020,58,2357,33.5754985754986,112.966951566952,51.8963418624436,157,2.23646723646724,0,0,0,0,0,13,3,833,16.4465786314526,82.1128451380552,42,8,10,1,6606,432.301550945619,16814964.0654297,17995.099574236
22,Lurup,36257,7301,20.1368011694294,6669,18.3936894944425,7271,20.0540585266293,17291,47.6730079955886,4814,66.1536347395905,17619,2.04012713547874,7927,44.9912026789262,4140,23.4973608036778,1201,29.0096618357488,6.2923383561,5762.08683451539,401,402,2960,2835,125,12961,55.3,1727,7.36021138765769,172,4.28607027161724,248,5.63508293569643,6084,16.7802079598422,1980,32.3318092749837,2832,15733,26665,5453,15989,34,5206,32.5598849208831,77.3377321908812,34.1052210607607,2153,13.4655075364313,349,16.2,476,0,0,22,4,2373,62.1154656552887,34.4289928360725,28,14,12,6,11736,323.689218633643,17829799.9091797,21773.9999520489
23,Osdorf,26422,5370,20.3239724472031,5907,22.3563696919234,4781,18.0947695102566,10647,40.3203817314247,3068,57.2815533980583,13117,1.99077532972478,6136,46.778989098117,3009,22.9396965769612,870,28.913260219342,7.2508422544,3643.99045972438,275,349,2623,2243,380,8358,53.2,1019,6.37791825749515,82,3.05059523809524,135,4.41032342371774,3743,14.1662251154341,1222,26.928162185985,1765,11482,43177,4046,12584,157,3351,26.6290527654164,84.4136204704387,40.2036560442056,1224,9.72663699936427,682,55.7,824,0,0,14,4,1745,51.0028653295129,45.214899713467,71,18,16,5,9099,344.372114147301,20526026.496582,21744.7797348177
24,Nienstedten,7307,1453,19.8850417407965,1864,25.5097851375393,778,10.6473244833721,1448,19.8383340183587,394,27.2475795297372,3545,2.08829337094499,1547,43.638928067701,826,23.3004231311707,119,14.4067796610169,4.3794291018,1668.48231359579,43,109,807,682,125,1784,42.7,78,1.83832194202215,0,0,19,2.20673635307782,51,0.697960859449843,6,0.5,38,3286,120716,1822,3242,36,1720,53.0536705737199,124.300123380629,55.1499931572465,0,0,0,0,0,0,0,7,1,496,22.3790322580645,75.6048387096774,17,1,8,2,3681,503.76351443821,12385157.1411133,15317.2176791066
25,Blankenese,13491,2481,18.3900378029798,3722,27.5887628789563,1118,8.28700615224965,2370,17.5646631586749,619,24.9596774193548,7002,1.99271636675236,3203,45.7440731219652,1454,20.7654955726935,252,17.3314993122421,7.7357713988,1743.97604382321,112,105,1253,1170,83,3566,46.5,129,1.67141746566468,12,0.99009900990099,30,1.88560653676933,159,1.17856348676896,24,1.17016089712335,112,6279,117139,3406,6857,59,3114,45.4134461134607,117.081668368091,59.5084871395745,48,0.700014583637159,0,0,0,0,0,8,3,851,21.8566392479436,77.5558166862515,112,23,24,6,6639,492.10584834334,21886431.0957031,22839.556737243
26,Iserbrook,11468,2076,18.1025462155563,2883,25.1395186606209,998,8.70247645622602,2506,21.8807299397538,696,33.7209302325581,5690,1.97521968365554,2561,45.0087873462214,1252,22.0035149384886,305,24.3610223642173,2.6701206144,4294.93706694481,105,147,1004,842,162,3891,57.1,261,3.81244522348817,9,0.885826771653543,60,4.2583392476934,611,5.32786885245902,160,9.20069005175388,350,5539,39439,2484,5698,15,2313,40.5931905931906,84.0447525447525,41.758545517963,132,2.31660231660232,0,0,612,0,0,9,3,681,46.8428781204112,51.1013215859031,8,6,6,1,4664,406.696895709801,7559234.23291016,15924.6523925759
27,Sülldorf,9542,1888,19.7862083420667,1959,20.5302871515406,1295,13.5715782854747,2313,24.2097550764078,592,31.3559322033898,4567,1.98970878038099,2123,46.4856579811693,1037,22.706371797679,231,22.2757955641273,5.7361838417,1663.47527612924,85,82,1020,910,110,3051,50.8,297,4.93027888446215,27,2.57142857142857,55,4.66101694915254,776,8.13246698805282,190,12.1872995509942,448,4247,43584,2414,4431,50,2274,51.3202437373053,90.8806138569172,42.2020540767135,200,4.51365380275333,0,0,759,0,0,2,1,649,42.8351309707242,55.9322033898305,13,7,3,2,3713,389.121777405156,16246158.5058594,23094.1010235107
28,Rissen,15327,2825,18.4315260651139,4664,30.4299602009526,1239,8.08377373262869,2753,17.9617668167286,812,28.7841191066998,7785,1.98342967244701,3533,45.3821451509313,1657,21.2845215157354,325,19.6137598068799,16.7038479214,917.573009052838,101,221,1196,1029,167,4288,51.9,286,3.4251497005988,12,0.900900900900901,63,3.51170568561873,603,3.93423370522607,163,7.04712494595763,336,7287,65855,3765,7442,55,3496,46.9766191883902,101.116500940607,49.0969530893195,178,2.39183015318463,124,69.7,641,0,0,7,2,958,32.8810020876827,66.1795407098121,32,7,16,4,6741,439.812096300646,47313290.6538086,47174.826072287
29,Eimsbüttel,57541,7384,12.8325889365843,7254,12.6066630750248,6919,12.0244695086981,13528,23.5012073727916,2407,32.654999321666,38707,1.52763066112073,26071,67.3547420363242,5065,13.0854884129486,1287,25.4096742349457,3.22554870501,17839.1353727277,838,300,6999,7181,-182,27126,62.1,1651,3.77397307243925,86,1.88472496164804,271,4.72372320027889,2578,4.48028362385082,429,6.55963302752293,1811,32492,37536,3259,34235,92,310,0.905506061048634,63.9270921571491,38.0345145200813,666,1.94537753760771,265,39.8,0,0,0,63,8,1827,34.1543513957307,62.5068418171866,290,32,57,12,14983,260.388244903634,9130238.62695313,14093.8899465465
30,Rotherbaum,16744,2275,13.5869565217391,2623,15.6653129479216,2837,16.9433827042523,5064,30.1751877011083,847,37.1654234313295,10841,1.59136611013744,6998,64.5512406604557,1446,13.3382529286966,324,22.4066390041494,2.7353092669,6121.42846244821,173,99,2633,2413,220,6212,51.2,366,3.01656638918652,12,0.771704180064309,64,3.64464692482916,435,2.59794553272814,59,2.96780684104628,318,8142,68191,1200,9980,49,330,3.30661322645291,83.0271543086172,49.4870401337793,79,0.791583166332665,79,100,0,0,0,16,2,631,16.9572107765452,81.7749603803487,130,19,45,8,5371,320.771619684663,7740094.87841797,12056.8833436867
31,Harvestehude,17952,2775,15.4578877005348,3685,20.5269607843137,2352,13.1016042780749,4770,26.5501502838695,960,34.7197106690778,10896,1.70980176211454,6468,59.3612334801762,1718,15.7672540381791,343,19.965075669383,2.0505243879,8754.83369324134,197,120,2227,2125,102,5776,48.6,382,3.20604280318926,28,1.79372197309417,73,3.42723004694836,611,3.40352049910873,105,4.46428571428571,416,9233,111088,1347,10036,1,533,5.31088082901554,96.7709246711837,54.0994318181818,75,0.747309685133519,45,60,0,0,0,19,1,794,17.632241813602,81.1083123425693,149,14,50,5,6871,382.742869875223,5803860.76318359,10122.5870518748
32,Hoheluft-West,13337,1657,12.4240833770713,1817,13.6237534677964,1483,11.1194421534078,2850,21.311597995962,463,27.7744451109778,8952,1.53418230563003,5928,66.2198391420912,1191,13.3042895442359,294,24.6851385390428,0.71951873651,18536.0009729429,176,75,2049,1889,160,6316,63,317,3.14702670505311,10,0.916590284142988,60,4.60122699386503,372,2.78923296093574,57,3.93918451969592,281,7902,42169,803,8018,97,108,1.34696931903218,66.3740334247942,39.9030516607933,12,0.149663257670242,0,0,0,0,0,9,1,413,25.4237288135593,72.3970944309927,32,8,11,3,3677,275.699182724751,2037556.36914063,6562.52290853304
33,Lokstedt,28534,4858,17.0253031471227,5833,20.4422793859957,3979,13.9447676456158,8480,29.7074794184621,2085,43.1052305147819,15592,1.81638019497178,8460,54.2585941508466,2973,19.0674704976911,604,20.3161789438278,4.89619990302,5827.78492814398,320,313,3187,3081,106,11033,60.1,750,4.05800238069473,67,2.41180705543557,134,4.5827633378933,2032,7.1213289409126,522,12.3726001422138,1048,14273,41778,3194,14888,121,2137,14.3538420204191,74.3938070929608,38.8159739258429,193,1.29634605051048,53,27.5,734,0,0,22,4,1332,36.5615615615616,58.4834834834835,61,18,17,7,9513,333.39174318357,13873527.1987305,16921.8842785859
34,Niendorf,41670,6558,15.7379409647228,10857,26.0547156227502,4289,10.2927765778738,9293,22.2955303375639,2313,35.4211332312404,21810,1.87790004585053,10412,47.7395690050436,4022,18.4410820724438,821,20.412729985082,12.417588871,3355.72391974709,359,474,3947,4096,-149,15119,59.4,734,2.89409352574718,52,1.36447126738389,175,3.39410395655547,1505,3.61171106311495,346,6.3474591818015,918,20811,41651,8523,20814,90,7356,35.3415970020179,85.7917747669838,42.852651787857,760,3.65138848851734,573,75.4,539,0,0,19,5,1996,36.7234468937876,60.7214428857715,94,27,37,8,17484,419.582433405328,35241857.21875,31274.8109751311
35,Schnelsen,29578,5526,18.6828047873419,5902,19.9540198796403,4140,13.9968895800933,9418,31.8283203785063,2634,47.7519941986947,14157,2.02352193261284,6159,43.5049798686162,3237,22.8650137741047,798,24.6524559777572,8.9507571336,3304.52491990515,294,298,3416,3247,169,11015,57.8,882,4.62433806952236,80,2.45549416820135,170,4.630890765459,2736,9.2501183311921,850,18.4662176841191,1317,13530,37866,5831,13409,121,5320,39.6748452531882,88.716086210754,40.2188788964771,1674,12.4841524349318,85,5.1,489,0,0,25,4,1734,57.2087658592849,40.4267589388697,51,17,28,6,12023,406.484549327203,25412578.9521484,25252.0050244107
36,Eidelstedt,32601,5334,16.3614613048679,7197,22.0760099383455,5339,16.3767982577222,11656,35.746925506793,2958,55.6747600225861,17329,1.88412487737319,8533,49.2411564429569,3275,18.8989555081078,822,25.0992366412214,8.7223513764,3737.63892248233,343,392,2946,2701,245,12328,59.2,1159,5.5544905588038,117,3.58675659104844,186,4.72801220132181,3403,10.4383301125732,960,21.1546936976642,1757,15376,30938,5094,15913,141,4393,27.6063595802174,75.3275309495381,36.7684120119015,1307,8.21341041915415,140,10.7,455,0,0,10,5,1609,57.8620261031697,39.2790553138595,53,16,20,5,11474,351.952394098341,24732665.1347656,26102.2102692346
37,Stellingen,25753,3565,13.843047411952,4868,18.9026521181998,4649,18.052265755446,8636,33.4754632142026,1733,48.5298235788295,14618,1.70385825694349,8400,57.4634012860856,2229,15.2483239841292,517,23.1942575145805,6.0892014642,4229.29018713022,294,243,3935,3913,22,10633,60.1,852,4.79136205151277,61,2.17779364512674,139,5.1405325443787,1958,7.60299770900478,405,13.0518852723171,1259,12277,32600,2783,13815,107,1688,12.2186029677886,69.7918204849801,37.4392886265678,197,1.42598624683315,89,45.2,491,0,0,11,3,901,44.6170921198668,50.6104328523862,37,13,8,3,8123,315.419562769386,17249600.6694336,20900.9542504334
38,Hoheluft-Ost,9624,1292,13.4247714048213,1489,15.4717373233583,1011,10.5049875311721,2140,22.2499480141402,378,29.53125,6261,1.59639035297876,3940,62.9292445296279,887,14.1670659639035,216,24.3517474633596,0.56550447799,17018.4328764417,132,53,1219,1276,-57,4243,60.5,212,3.02037327254595,7,0.943396226415094,53,4.96719775070291,304,3.15876974231089,39,3.49462365591398,238,5182,52006,633,6004,0,93,1.5489673550966,72.6755496335776,45.3391521197007,106,1.76548967355097,0,0,0,0,0,6,0,314,23.5668789808917,76.4331210191083,190,48,20,4,3101,322.215295095594,1601558.18261719,5252.63082949615
39,Eppendorf,24718,3392,13.7227931062384,4563,18.4602314103083,2395,9.68929525042479,5078,20.5703637689379,972,28.7488908606921,15336,1.62956442357851,9491,61.8870631194575,2224,14.5018257694314,473,21.2679856115108,2.6692541148,9260.26482939488,327,228,3423,3227,196,10444,61.1,448,2.61011419249592,24,1.11679851093532,97,3.85073441842001,538,2.1765515009305,66,2.20661985957874,407,13210,58438,1631,14152,26,374,2.64273600904466,80.1184991520633,45.8709037948054,625,4.41633691351046,103,16.5,0,0,0,14,3,880,18.8636363636364,78.5227272727273,161,28,45,11,7925,320.616554737438,7564166.17871094,13552.6392719849
40,Groß Borstel,8499,1387,16.3195670078833,1796,21.1318978703377,1312,15.4371102482645,2288,26.8923366243536,510,36.7700072098053,4736,1.74936655405405,2666,56.2922297297297,772,16.3006756756757,188,24.3523316062176,3.985755325,2132.34363551907,71,84,1291,1242,49,3081,56.3,251,4.51845184518452,14,1.70731707317073,60,5.50964187327824,603,7.09495234733498,119,10.3658536585366,399,4064,42631,1752,4443,3,1577,35.4940355615575,74.8604546477605,39.1346040710672,177,3.98379473328832,46,26,553,0,0,8,2,448,38.1696428571429,58.2589285714286,5,4,7,2,3171,373.10271796682,11302637.1630859,16153.9583635381
41,Alsterdorf,15031,2484,16.525846583727,2837,18.8743263921229,2026,13.478810458386,4094,27.2624359059732,1036,41.74053182917,8109,1.80626464422247,4352,53.6687631027254,1479,18.2389937106918,359,24.2731575388776,3.1552410515,4763.81986500026,168,157,2100,1524,576,5421,54.8,390,3.87288977159881,32,2.03303684879288,67,3.89082462253194,1109,7.37808529039984,332,15.6308851224105,539,6302,52426,1995,7728,125,1312,16.9772256728778,77.6061076604555,39.9002062404364,588,7.60869565217391,143,24.3,886,0,0,11,2,715,39.8601398601399,56.0839160839161,38,9,10,4,5209,346.550462377753,8947283.08544922,17185.7017115061
42,Winterhude,55651,6973,12.5298736770229,8101,14.5567914323193,6847,12.3034626511653,13449,24.1376215944578,2463,35.3219561164492,35750,1.56668531468531,23261,65.0657342657343,4691,13.1216783216783,1059,22.5751438925602,7.58430863334,7337.64970420148,777,340,7560,7224,336,25894,62.8,1356,3.27472952086553,95,1.87376725838264,259,4.73578350703968,2372,4.26227740741406,418,6.8056007815044,1610,29898,51627,3651,32860,256,725,2.20632988435788,69.8842057212416,41.26421807335,552,1.67985392574559,82,14.9,0,0,0,42,5,1642,39.1595615103532,58.7088915956151,230,39,78,14,17559,315.519936748666,21488125.1733398,19225.4524125471
43,Uhlenhorst,18017,2274,12.6214131098407,3489,19.3650441249931,1940,10.7676083698729,4370,24.2777777777778,831,36.8677905944987,11448,1.60543326345213,7137,62.3427672955975,1554,13.5744234800839,307,19.7554697554698,2.1806117528,8262.36031098401,235,173,2504,2150,354,7548,61,340,2.72108843537415,9,0.709219858156028,65,3.41745531019979,425,2.35888327690515,56,2.75454992621741,317,9924,62479,1209,10729,79,243,2.26488955168236,78.4243638736136,46.7011711161681,179,1.66837543107466,0,0,0,0,0,10,1,528,23.4848484848485,75.5681818181818,91,23,19,4,6311,350.280290836432,6171784.56347656,12194.7975467617
44,Hohenfelde,10030,1221,12.1734795613161,1586,15.8125623130608,1962,19.5613160518445,3685,36.6520787746171,737,60.261651676206,6349,1.53252480705623,4187,65.9473932902819,711,11.1986139549535,151,21.2376933895921,1.1547509821,8685.85535364491,148,125,1739,1646,93,4282,58.6,325,4.41276306856755,26,2.48328557784145,47,4.94736842105263,818,8.1555333998006,223,20.6672845227062,440,5111,39541,694,5768,8,151,2.61789181692094,67.7212205270458,38.9447657028913,89,1.54299583911234,0,0,0,0,0,3,0,282,45.3900709219858,52.4822695035461,36,10,14,3,2702,269.391824526421,3267013.61181641,8226.00273506068
45,Barmbek-Süd,35218,3703,10.5145096257596,4992,14.17456982225,4721,13.4050769492873,9518,27.0674553520646,1691,46.0010881392818,24039,1.47356379217106,16571,68.9338158825242,2560,10.6493614543034,736,28.75,3.09177391643,11390.8716975869,413,323,5109,4893,216,17672,66,1211,4.49250630657368,71,2.18461538461538,210,6.26491646778043,2393,6.79482083025725,457,13.9755351681957,1578,19291,32679,2110,22141,121,119,0.53746443250079,59.1810667991509,37.2062013742972,721,3.25640214985773,6,0.8,877,0,0,26,3,893,53.1914893617021,44.3449048152296,54,22,26,7,9992,283.718553012664,8753353.49414063,12436.6307892241
46,Dulsberg,17442,2169,12.4355005159959,2204,12.636165577342,3767,21.5972938883156,7478,42.8931972008719,1550,71.626617375231,12004,1.47934021992669,8522,70.9930023325558,1354,11.2795734755082,584,43.1314623338257,1.22582953683,14228.732034884,172,138,2344,2295,49,8160,60.9,1137,8.48317540849064,78,3.76084860173578,191,10.8338060124787,3026,17.3489278752437,745,40.5994550408719,1766,8895,21239,1074,10743,0,39,0.363027087405753,53.2835334636507,32.8187707831671,1077,10.0251326445127,573,53.2,799,0,0,8,0,700,72.1428571428571,24.8571428571429,24,7,7,3,3870,221.8782249742,3471433.50048828,8371.0569980048
47,Barmbek-Nord,41892,4304,10.2740380024826,5491,13.1075145612527,5558,13.267449632388,11292,26.9704786471768,2010,46.9516468114926,29252,1.45196909613018,20637,70.5490222890743,2958,10.1121290851908,808,27.315753887762,3.85119606749,10877.6596324536,511,404,5767,5553,214,21726,66.8,1643,5.03879535069157,112,2.68327743172017,304,7.40921277114307,3463,8.26649479614246,631,16.6315234580917,2371,23386,28330,2682,26708,83,278,1.04088662573012,56.652501123259,36.1184713071708,1032,3.86401078328591,174,16.9,840,0,0,13,2,998,60.2204408817635,37.4749498997996,97,28,37,13,11164,266.494796142462,10911987.34375,16163.3129908262
48,Ohlsdorf,16471,2739,16.6292271264647,2689,16.3256632869893,1996,12.1182684718596,3999,24.3514797223237,987,36.2334801762115,9289,1.77694046721929,5191,55.8833028313058,1675,18.0320809559694,354,21.134328358209,7.1607871926,2300.1661070198,188,151,2285,1780,505,6740,59.6,463,4.06818381513048,34,2.23390275952694,84,4.6875,1179,7.15803533483091,317,13.2028321532695,680,9124,39049,2373,8315,133,1678,20.1803968731209,73.5351773902586,37.1225183656123,335,4.02886349969934,0,0,696,0,0,11,1,792,50.3787878787879,46.5909090909091,13,7,7,3,5561,337.623702264586,20316728.40625,29006.6840544268
49,Fuhlsbüttel,12701,1975,15.5499566963231,2530,19.9196913628848,1606,12.6446736477443,2948,23.1324544883867,669,33.8220424671385,7162,1.7609606255236,3903,54.4959508517174,1233,17.2158614912036,291,23.6009732360097,7.7744073665,1633.69365679611,136,105,1540,1487,53,5173,61,324,3.81490639350053,23,1.81531176006314,64,4.35374149659864,919,7.23565073616251,227,13.5280095351609,535,6490,39526,2060,6748,12,1513,22.42145820984,76.6468583283936,40.722226596331,169,2.50444576170717,29,17.2,590,0,0,7,2,594,36.1952861952862,58.7542087542087,24,5,15,4,4751,374.065034249272,22065195.9145508,31199.5808798296
50,Langenhorn,45888,8019,17.4751569037657,8882,19.3558228730823,7017,15.291579497908,14308,31.1897807036666,3649,45.6010997250687,23379,1.9085076350571,11303,48.3468069635143,4735,20.2532187005432,1212,25.5966209081309,13.3671431237,3432.8950902486,576,479,5158,4986,172,17339,57.5,1597,5.27532784989925,165,3.19891430787127,307,5.46847167794799,4917,10.715219665272,1429,21.2238229615328,2499,20892,30965,9310,21569,335,8409,38.9865084148547,75.7216838981872,35.5918976638773,1833,8.49830775650239,289,15.8,356,0,0,25,6,2401,54.9770928779675,41.3577675968346,89,22,20,8,16637,362.556659693166,37993537.7617188,26885.9719930577
51,Eilbek,21964,2551,11.6144600254963,3350,15.2522309233291,3342,15.2158076853032,6851,31.1905303892556,1373,54.2045005921832,14479,1.53829684370468,9507,65.6606119207128,1688,11.6582636922439,413,24.4668246445498,1.7513780118,12540.981930809,291,171,3318,2958,360,10675,65.8,736,4.49548008795505,51,2.48538011695906,137,6.28152223750573,1630,7.42123474776908,402,17.9304192685103,939,12199,32559,1552,13289,81,199,1.49747911806757,62.4186169011965,37.765479876161,436,3.28090902249981,86,19.7,0,0,0,13,3,634,52.0504731861199,44.4794952681388,35,12,24,3,6268,285.376069932617,4956083.33496094,9828.71188389453
52,Wandsbek,35768,4743,13.2604562737643,6550,18.3124580630731,6486,18.1335271751286,12723,35.5649354279644,2885,61.2266553480475,21540,1.61926648096565,13198,61.272051996286,2774,12.8783658310121,702,25.3064167267484,5.94357927303,6017.92259460614,441,332,5628,4535,1093,15650,62.4,1217,4.84744682546005,100,2.6281208935611,212,5.54828578906046,3896,10.8924178036234,1119,27.2130350194553,2033,17913,28567,3917,19962,62,2265,11.346558461076,65.167518284741,36.3697718631179,901,4.51357579400862,128,14.2,491,0,0,15,5,1271,53.3438237608183,43.9811172305271,63,27,43,9,11502,321.572355177813,16831994.3271484,19797.4433031092
53,Marienthal,13310,2010,15.1014274981217,2788,20.946656649136,1490,11.1945905334335,3524,26.5141825295313,827,41.3913913913914,7114,1.80320494798988,3717,52.2490863086871,1249,17.5569299971886,234,18.7349879903923,3.2132391043,4142.23765115655,146,192,1982,1900,82,5080,56.7,410,4.63748444746069,59,4.04941660947152,52,3.57880247763248,567,4.25995492111195,128,7.61451516954194,341,6621,59131,2146,6605,28,1582,23.9515518546556,90.2157456472369,44.7689706987228,25,0.378501135503407,1,4,744,0,0,9,1,553,32.1880650994575,66.1844484629295,73,16,14,4,5332,400.601051840721,9092923.18261719,14588.4851473874
54,Jenfeld,26238,5146,19.6127753639759,4702,17.9205732144218,6529,24.8837563838707,14940,56.9576820434617,3934,76.775956284153,12818,1.99711343423311,6180,48.2134498361679,2800,21.8442814791699,823,29.3928571428571,4.9911869453,5256.86580918538,312,303,3483,2851,632,8450,48.5,1371,7.94644409667884,130,3.64451920381273,260,7.97301441275682,5879,22.4064334171812,1806,42.1667055802008,2708,10163,23975,2669,11053,161,2094,18.9450827829549,72.811001538044,30.6723073404985,1596,14.4395186827106,443,27.8,428,0,0,16,4,1669,64.8891551827441,30.7968843618933,35,15,19,5,7589,289.23698452626,14128777.6821289,17661.9129470698
55,Tonndorf,14812,2595,17.5195787199568,2694,18.1879557115852,2399,16.1963273021874,5785,39.103690685413,1526,59.1014717273431,8071,1.8580101598315,4180,51.7903605501177,1592,19.7249411473176,373,23.429648241206,3.9411318166,3758.31123882029,178,143,1590,1536,54,5930,60.2,557,5.62171982236577,50,3.32225913621262,110,6.44405389572349,1610,10.8695652173913,472,21.3574660633484,848,7211,32210,2311,7430,18,1778,23.9300134589502,76.278600269179,38.2628949500405,817,10.9959623149394,74,9.1,444,0,0,5,1,763,59.5019659239843,37.6146788990826,22,7,10,3,5555,375.033756413719,11162755.2773438,16840.9352873404
56,Farmsen-Berne,34752,6090,17.5241712707182,6927,19.9326657458564,4148,11.9360036832413,10704,30.7975601335021,2839,46.8018463567425,17852,1.91071028456195,8517,47.7089401747703,3748,20.9948465157965,1010,26.9477054429029,8.2263672007,4224.46496152553,338,392,3067,2824,243,13762,60.6,1045,4.60271317829457,87,2.50937409864436,205,4.61607746003152,3618,10.4109116022099,1141,22.2808045303652,1743,16784,31603,6461,16881,177,5733,33.9612582192998,76.0517741839938,36.9426220073665,1144,6.77684971269475,70,6.1,477,0,0,21,6,1935,56.8992248062015,39.7416020671835,41,16,16,5,13255,381.416896869245,23329400.4106445,27973.8811092588
57,Bramfeld,52342,7695,14.701387031447,11263,21.5180925451836,6333,12.0992701845554,15227,29.1163929097271,3527,46.0143509458578,30001,1.76114129529016,16054,53.5115496150128,4942,16.4727842405253,1440,29.1380008093889,10.0658645001,5199.95078410602,519,546,4833,4352,481,21161,61.3,1774,5.1250938926446,175,3.35056480949646,349,5.07193721842755,5311,10.1467272935692,1382,21.3766434648105,3019,25974,30928,9075,27970,222,7565,27.0468358956024,71.1913836253128,38.0425470941118,1913,6.83947086163747,385,20.1,479,0,0,24,5,2311,54.5651233232367,42.4924275205539,71,31,39,10,20565,392.896717741011,28547596.0180664,29551.5215922414
58,Steilshoop,19662,3855,19.6063472688435,3884,19.7538398942122,4589,23.339436476452,10109,51.4191251271617,2782,72.3348933957358,9765,2.0221198156682,4534,46.4311315924219,2189,22.4167946748592,700,31.9780721790772,2.49836693207,7869.94085921127,245,160,1727,1528,199,6546,52.6,1110,8.86510662087693,110,4.81189851268591,179,7.66923736075407,4669,23.7463126843658,1512,46.4230887319619,2018,8598,22730,957,8851,85,335,3.78488306406056,74.0040673370241,33.3134981181975,2891,32.6629759349226,492,17,441,0,0,12,2,1288,69.9534161490683,25.776397515528,9,7,8,3,5692,289.492421930628,7084639.03125,11780.3663185545
59,Wellingsbüttel,10570,1940,18.3538315988647,2976,28.155156102176,639,6.04541154210028,1822,17.2407267221802,496,25.593395252838,5168,2.05746904024768,2119,41.0023219814241,1152,22.2910216718266,153,13.28125,4.0865355278,2586.54303335774,107,143,1000,875,125,3105,51.9,119,1.99196518245732,4,0.432900432900433,32,2.54980079681275,155,1.46641438032167,33,2.03703703703704,103,5156,88606,2873,5108,43,2703,52.9169929522318,120.231401722788,58.1023651844844,22,0.43069694596711,22,100,856,0,0,6,1,633,20.8530805687204,78.3570300157978,25,7,12,2,5269,498.486281929991,11601818.2910156,17040.8429606302
60,Sasel,23647,4513,19.0848733454561,6068,25.6607603501501,1345,5.68782509409227,3880,16.4149426746203,1132,25.1835372636262,11176,2.14772727272727,4102,36.7036506800286,2689,24.0604867573371,364,13.5366307177389,8.3630754181,2827.5483381175,191,199,1642,1497,145,7583,54.3,293,2.11049484981632,15,0.679040289723857,69,2.13292117465224,386,1.63234236901087,82,2.21861471861472,229,10933,61360,7456,10895,106,7542,69.2244148692061,112.536117485085,51.8493254958346,36,0.330426801284993,0,0,560,0,0,12,3,1556,30.6555269922879,68.0591259640103,33,9,12,2,11989,506.99877362879,23758297.3242188,28580.9935813663
61,Poppenbüttel,23280,3752,16.1168384879725,7698,33.0670103092784,1691,7.26374570446735,4866,20.9164374140303,1332,35.6054530874098,11122,2.01852184858838,4533,40.7570580830786,2263,20.3470598813163,374,16.5267344233319,8.1052305867,2872.2193342902,173,514,2105,1386,719,6953,56.5,297,2.38477597559017,16,0.861141011840689,72,2.60303687635575,702,3.01546391752577,198,6.32992327365729,368,11517,52157,6182,10648,103,6075,57.0529676934636,103.80832081142,47.4807130584192,404,3.79413974455297,172,42.6,525,0,0,10,3,1203,29.8420615128845,68.2460515378221,121,27,44,9,10644,457.216494845361,23038227.1274414,24859.460914252
62,Hummelsbüttel,17871,3129,17.5088131609871,4467,24.9958032566728,2621,14.6662190140451,6268,35.0637726560752,1584,50.8017960230917,8717,1.99001950212229,3717,42.6408167947688,1856,21.2917288057818,493,26.5625,9.0835956451,1967.39272620972,162,184,1885,1640,245,6051,56.4,542,5.01991293877929,52,3.01274623406721,106,4.553264604811,1899,10.626154104415,532,20.4065976217875,936,7872,38135,2780,8201,107,2239,27.3015485916352,88.571027923424,40.6452352974092,1602,19.5342031459578,671,41.9,613,0,0,10,1,1026,47.270955165692,49.4152046783626,13,8,12,2,7196,402.663533098316,25810076.1030273,25849.6741593122
63,Lemsahl-Mellingstedt,6980,1354,19.3982808022923,1386,19.8567335243553,636,9.11174785100287,1318,18.8555078683834,371,27.380073800738,2930,2.30170648464164,863,29.4539249146758,768,26.2116040955631,105,13.671875,8.002216325,872.258349001831,70,43,1020,972,48,2172,48.4,73,1.62910064717697,6,0.77120822622108,16,1.42857142857143,135,1.93409742120344,40,3.59389038634322,67,3126,75191,2359,2772,20,2484,89.6103896103896,132.002164502165,52.4226361031519,29,1.04617604617605,29,100,490,0,0,5,1,426,35.9154929577465,61.7370892018779,3,2,1,1,3872,554.727793696275,22771269.1567383,26533.7825755056
64,Duvenstedt,6221,1364,21.9257354123131,1186,19.0644590901784,469,7.53898087124257,985,15.8462033462033,363,26.8094534711965,2623,2.37895539458635,798,30.4231795653831,770,29.3556995806329,146,18.961038961039,6.782221382,917.25109659654,53,49,412,442,-30,2064,52.2,79,2.00101317122594,7,0.913838120104439,19,2.2196261682243,262,4.21154155280502,104,9.56761729530819,83,2738,65694,1788,2528,15,1832,72.4683544303797,118.048655063291,47.9709049991963,82,3.24367088607595,0,0,467,0,0,2,1,537,33.8919925512104,63.3147113594041,13,5,7,3,3193,513.261533515512,19318522.8735352,25205.6258313762
65,Wohldorf-Ohlstedt,4585,963,21.0032715376227,970,21.1559432933479,215,4.68920392584515,623,13.5346513143602,204,21.139896373057,2034,2.32448377581121,628,30.8751229105211,560,27.5319567354966,79,14.1071428571429,17.288528172,265.204762047109,39,41,345,385,-40,1314,45.7,46,1.61914818725801,3,0.609756097560976,12,1.81818181818182,80,1.74482006543075,25,3.22997416020672,41,2066,94234,1525,1967,45,1569,79.7661413319776,143.595831215048,61.603707742639,0,0,0,0,520,0,0,4,1,351,32.1937321937322,65.8119658119658,0,0,4,1,2491,543.293347873501,49255486.2519531,39915.4755857354
66,Bergstedt,10836,2351,21.6961978589886,2288,21.1148025101513,969,8.94241417497232,1924,17.7310846926551,653,27.8227524499361,4823,2.16359112585528,1849,38.3371345635497,1282,26.5809662036077,210,16.380655226209,7.0391460339,1539.39127669956,84,84,943,857,86,3501,52.7,210,3.16933293087836,25,2.18722659667542,48,3.56612184249629,660,6.09080841638981,221,11.4984391259105,291,4836,51374,2850,4580,22,2801,61.1572052401747,103.401965065502,43.7044112218531,187,4.08296943231441,0,0,483,0,0,9,1,757,45.9709379128137,52.5759577278732,7,5,5,2,4823,445.090439276486,20018108.7480469,25752.9923171634
67,Volksdorf,20694,4182,20.2087561612061,5450,26.3361360780903,1387,6.70242582391031,3383,16.3698828994484,1039,24.9579630074466,9495,2.15692469720906,3578,37.68299104792,2385,25.1184834123223,505,21.1740041928721,11.5762444374,1787.62638538823,142,250,1628,1459,169,6033,50.6,270,2.26700251889169,14,0.638394892840857,59,2.12077641984184,692,3.3439644341355,205,6.14877024595081,355,9494,63763,5529,9054,47,5304,58.5818422796554,112.704329578087,49.3101865274959,668,7.37795449525072,330,49.4,658,0,0,13,4,1529,36.9522563767168,59.5814257684761,87,26,29,5,9297,449.260655262395,32889041.6044922,31662.3311085832
68,Rahlstedt,91703,16000,17.4476298485328,20428,22.2762614091142,12373,13.4924702572435,29971,32.6481481481481,7797,48.9024084295033,46884,1.9283337599181,21693,46.2695162528794,9542,20.352359013736,2608,27.331796269126,26.5659843943,3451.89542532728,939,1020,10440,9275,1165,33466,58.1,2789,4.81027940669196,296,3.10663308144416,508,4.44600035007877,9515,10.3758873755493,2919,21.9556224144415,4661,42075,33419,15319,44157,294,12600,28.534547183912,81.1734266367733,39.0867801489591,3435,7.77906107751885,609,17.7,453,0,0,37,12,5089,54.4704264099037,42.1693849479269,153,56,63,15,35925,391.753813942837,75330287.6606445,44502.0310473542
69,Lohbrügge,39168,6105,15.5867034313725,9323,23.8025939542484,4699,11.9970383986928,15225,38.8700247644821,3467,56.9855358316897,20803,1.88203624477239,10108,48.5891457962794,3794,18.2377541700716,1082,28.5187137585662,13.04495229111,3002.54068592436,325,461,2984,3256,-272,15308,61.4,1248,5.02455914324825,56,1.35396518375242,240,4.8348106365834,3882,9.91115196078431,1026,20.4913121629718,2082,18234,29127,5727,20082,43,4445,22.1342495767354,74.8328851707997,38.367902369281,1567,7.80300766855891,889,56.7,390,0,0,14,4,1982,56.0040363269425,41.6750756811302,48,18,28,7,14506,370.353349673203,36812177.4052734,36637.4687239703
70,Bergedorf,35669,6188,17.3483977683703,7147,20.0370069247806,5325,14.9289298830918,11660,32.7509690466828,2859,46.4424951267057,18117,1.88712259204062,8857,48.8877849533587,3534,19.5065408180162,956,27.0514997170345,10.3590985453,3443.2532757576,382,390,4712,4130,582,13383,58.1,1225,5.2608975735452,66,1.6793893129771,187,4.57436399217221,3828,10.7320081863803,1084,20.698873400802,2041,15979,35049,5155,16993,179,4037,23.756841052198,79.3578532336845,37.8067229246685,716,4.21349967633732,167,23.3,420,0,0,23,7,1961,50.5354411014788,46.6088730239674,150,39,48,11,12161,340.940312316017,29197959.2558594,38800.1731711131
71,Curslack,3964,833,21.0141271442987,603,15.2119071644803,702,17.7093844601413,1046,26.4074728603888,349,42.0481927710843,1577,2.19086873811034,544,34.4958782498415,397,25.1743817374762,77,19.3954659949622,10.57381252,374.888432389191,47,32,590,586,4,1502,56.9,126,4.73150582050319,9,1.91489361702128,20,3.73134328358209,460,11.6044399596367,171,24.4985673352435,193,1711,41512,954,1479,26,982,66.3962136578769,104.873563218391,39.1291624621594,9,0.608519269776876,4,44.4,266,0,0,1,1,256,56.640625,41.40625,8,5,0,1,1812,457.114026236125,29770514.9086914,28720.719100643
72,Altengamme,2246,418,18.6108637577916,439,19.5458593054319,92,4.09617097061443,209,9.31787784217566,64,15.3846153846154,1017,2.22615535889872,337,33.1366764995084,250,24.5821042281219,51,20.4,15.60817234,143.898974913548,19,30,164,140,24,888,60.3,33,2.26492793411119,0,0,5,1.50602409638554,68,3.02760463045414,22,6.28571428571429,36,1060,47341,643,909,1,698,76.7876787678768,107.53795379538,43.5227070347284,4,0.44004400440044,0,0,230,0,0,1,1,137,50.3649635036496,48.1751824817518,1,1,0,0,1270,565.449688334817,43908810.871582,36635.8885967997
73,Neuengamme,3705,647,17.4628879892038,766,20.6747638326586,180,4.8582995951417,372,10.0296575896468,105,16.2790697674419,1686,2.19395017793594,576,34.1637010676157,402,23.8434163701068,63,15.6716417910448,18.617027082,199.011366513089,38,36,295,271,24,1495,61.8,58,2.40963855421687,3,0.840336134453782,12,2.16606498194946,126,3.40080971659919,40,7.5187969924812,57,1791,40936,1051,1535,18,1135,73.9413680781759,108.117915309446,44.7937921727395,20,1.30293159609121,0,0,256,0,0,2,0,214,65.4205607476635,33.1775700934579,1,1,3,1,2032,548.448043184885,52362086.4135742,46244.1268521203
74,Kirchwerder,9910,1712,17.2754793138244,1978,19.9596367305752,684,6.9021190716448,1213,12.2389264453637,309,18.1125439624853,4600,2.16152173913043,1592,34.6086956521739,1073,23.3260869565217,198,18.452935694315,32.308070685,306.734502862191,94,82,892,849,43,4114,63.4,139,2.13353798925556,15,1.49105367793241,32,2.28571428571429,327,3.29969727547931,99,6.98659139026111,162,4668,39284,2810,4169,62,3064,73.4948428879827,106.420244662989,44.7695257315843,26,0.623650755576877,8,30.8,243,0,0,7,2,587,63.7137989778535,35.2640545144804,6,6,3,2,5415,546.417759838547,90813128.8295898,54983.7098802673
75,Ochsenwerder,2628,454,17.2754946727549,502,19.1019786910198,211,8.02891933028919,391,14.8612694792854,106,23.2967032967033,1274,2.09262166405024,483,37.9120879120879,290,22.7629513343799,50,17.2413793103448,14.09993664,186.383816260893,24,21,298,205,93,1088,64.8,45,2.5847214244687,0,0,9,2.45231607629428,70,2.66362252663623,14,3.63636363636364,41,1265,38634,721,1111,30,756,68.0468046804681,117.872187218722,49.8310502283105,21,1.89018901890189,0,0,235,0,0,2,1,150,62,37.3333333333333,2,2,0,0,1536,584.474885844749,39696389.0561523,31159.5585492736
76,Reitbrook,506,60,11.8577075098814,128,25.296442687747,41,8.10276679841897,65,12.770137524558,8,13.5593220338983,263,1.95817490494297,123,46.7680608365019,42,15.9695817490494,4,9.52380952380952,6.937304502,72.9389923498561,2,9,35,44,-9,202,59.9,4,1.21212121212121,0,0,0,0,7,1.38339920948617,3,6.25,3,242,37041,147,231,0,151,65.3679653679654,119.701298701299,54.6462450592885,0,0,0,0,223,0,0,0,0,16,75,25,0,0,2,0,283,559.288537549407,19540376.027832,22544.4026500904
77,Allermöhe,1361,206,15.1359294636297,274,20.1322556943424,148,10.8743570903747,297,22,64,31.6831683168317,668,2.05988023952096,267,39.9700598802395,124,18.562874251497,24,19.3548387096774,8.637358433,157.571323519486,10,16,195,177,18,566,61.3,21,2.27272727272727,3,2.04081632653061,6,2.8169014084507,17,1.24908155767818,4,2.45398773006135,12,696,38369,455,594,5,502,84.5117845117845,114.851851851852,50.1263776634827,0,0,0,0,226,0,0,2,0,77,57.1428571428571,41.5584415584416,0,0,2,0,762,559.882439382807,24346125.0058594,35481.4459379841
78,Billwerder,3784,1170,30.9196617336152,318,8.40380549682875,2651,70.0581395348837,2716,73.1483975222192,1000,87.3362445414847,1312,2.73399390243902,374,28.5060975609756,499,38.0335365853659,77,15.4308617234469,9.469395088,399.603138831459,70,18,2562,380,2182,461,29.7,25,1.00847115772489,3,0.480769230769231,4,1.54440154440154,1870,49.4186046511628,688,69.7061803444782,661,643,30575,383,560,1,406,72.5,93.9428571428571,13.9027484143763,780,139.285714285714,0,0,239,0,0,3,1,213,71.3615023474178,25.8215962441315,0,0,0,0,569,150.369978858351,26717090.8359375,27905.2497716333
79,Moorfleet,1254,210,16.7464114832536,196,15.6299840510367,199,15.8692185007974,327,26.1390887290168,65,31.4009661835749,605,1.9702479338843,275,45.4545454545455,113,18.6776859504132,18,15.929203539823,4.372494647,286.792803934106,10,9,164,181,-17,479,53.8,45,5.10204081632653,0,0,13,8.02469135802469,83,6.61881977671451,18,10.2272727272727,51,565,34387,332,446,1,357,80.0448430493274,101.410313901345,36.0677830940989,0,0,0,0,218,0,0,0,0,69,63.768115942029,34.7826086956522,0,0,0,0,643,512.759170653908,12338527.0961914,18511.4989977434
80,Tatenberg,558,101,18.1003584229391,108,19.3548387096774,34,6.09318996415771,65,11.7117117117117,13,12.8712871287129,251,2.22709163346614,88,35.0597609561753,63,25.0996015936255,7,11.1111111111111,3.066091996,181.990625437189,1,5,28,28,0,245,66.9,10,2.74725274725275,0,0,0,0,7,1.25448028673835,0,0,5,260,42598,168,227,2,191,84.1409691629956,115,46.7831541218638,0,0,0,0,240,0,0,0,0,39,51.2820512820513,48.7179487179487,0,0,0,0,300,537.634408602151,8644316.28271484,12961.4538097561
81,Spadenland,514,76,14.7859922178988,116,22.568093385214,16,3.11284046692607,35,6.86274509803922,7,9.33333333333333,246,2.08536585365854,91,36.9918699186992,46,18.6991869918699,10,21.7391304347826,3.419222592,150.326568736008,3,2,42,35,7,200,59.2,7,2.07100591715976,0,0,5,7.8125,9,1.75097276264591,0,0,7,261,35255,115,212,4,118,55.6603773584906,107.485849056604,44.3326848249027,0,0,0,0,240,0,0,0,0,28,57.1428571428571,42.8571428571429,0,0,0,0,300,583.657587548638,9640444.70556641,16305.0402573218
82,Neuallermöhe,23844,5517,23.1378963261198,2063,8.65207180003355,4047,16.9728233517866,15363,64.463746223565,4326,78.5688339992735,9594,2.40337711069418,2889,30.1125703564728,3170,33.0414842609965,856,27.0031545741325,4.2042428238,5671.41361698243,295,70,1683,1775,-92,9854,57.7,1022,5.93392556465192,59,1.68957617411226,136,4.06820221358062,4021,16.8637812447576,1356,29.7498903027644,1641,9440,28633,3192,9227,158,2503,27.12691015498,80.2851414327517,31.068235195437,5019,54.3947111737293,886,17.7,288,0,0,7,3,1902,57.6761303890641,40.6940063091483,16,10,9,2,7795,326.916624727395,11850804.980957,16725.0892085764
83,Harburg,25860,4081,15.7811291569992,2807,10.8546017014695,10238,39.5901005413766,15255,58.8996138996139,3306,81.2684365781711,14607,1.68467173273088,8986,61.5184500581913,2294,15.7047990689396,694,30.2528334786399,3.99064839933,6480.14994363866,377,162,5108,5561,-453,9910,51.8,1417,7.24696977445916,121,2.92907286371339,191,8.87134231305155,4689,18.1322505800464,1374,39.2571428571429,2356,9499,20773,1586,12799,164,284,2.21892335338698,60.2674427689663,29.8284222737819,1171,9.14915227752168,239,20.4,286,0,0,16,0,1104,67.3913043478261,24.3659420289855,178,34,62,12,4850,187.548337200309,11236709.9716797,20607.1446930513
84,Wilstorf,17437,3059,17.5431553592935,3354,19.2349601422263,4121,23.6336525778517,7740,44.3858240623925,2079,68.3656691877672,9455,1.84167107350608,5003,52.9138022210471,1802,19.0586991010048,484,26.8590455049945,3.4228230096,5094.33293836532,232,236,2013,1723,290,6702,58.6,693,6.03238161559889,56,2.91060291060291,110,5.73514077163712,2426,13.9129437403223,772,29.7495183044316,1139,7823,25518,2049,8689,196,1452,16.7107837495684,69.0523650592703,34.4093594081551,886,10.1968005524226,515,58.1,324,0,0,11,1,837,60.0955794504182,34.647550776583,23,12,5,2,5494,315.077134828239,9630077.90234375,14184.0219823903
85,Rönneburg,3233,612,18.9297865759357,582,18.001855861429,468,14.4757191463037,1040,32.3785803237858,296,48.4451718494272,1519,2.16260697827518,579,38.1171823568137,366,24.0947992100066,72,19.672131147541,2.247532359,1438.46649729149,19,22,291,256,35,1271,60.3,62,2.8999064546305,7,1.75879396984925,11,2.52873563218391,207,6.40272193009589,71,13.8401559454191,96,1443,38848,776,1392,3,757,54.382183908046,96.4698275862069,41.5360346427467,153,10.9913793103448,147,96.1,303,0,0,1,1,208,43.2692307692308,54.3269230769231,0,0,0,0,1435,443.860191772348,6320820.66162109,15096.0147257387
86,Langenbek,4037,625,15.4817934109487,924,22.8882833787466,426,10.5523903889027,1282,31.7956349206349,286,45.9807073954984,2008,2.04631474103586,766,38.1474103585657,405,20.1693227091633,108,26.6666666666667,0.7935528185,5087.24801410305,32,31,329,293,36,1590,60.2,103,3.94333843797856,10,2.29885057471264,26,3.84047267355982,237,5.87069606143176,64,12.7744510978044,127,1924,34231,1195,1875,12,1129,60.2133333333333,86.8442666666667,40.3351498637602,352,18.7733333333333,260,73.9,287,0,0,1,0,200,47,47,0,0,0,1,1777,440.178350260094,2231238.89257813,7509.59322682956
87,Sinstorf,4102,980,23.8907849829352,648,15.7971721111653,1011,24.6465138956607,1768,43.1640625,656,67.1443193449335,1761,2.20102214650767,669,37.9897785349233,472,26.8029528676888,92,19.4915254237288,2.516604269,1629.97418804744,55,34,878,421,457,1387,57.5,141,5.37142857142857,19,3.74753451676529,17,4.32569974554707,633,15.4314968308142,237,28.5886610373945,267,1667,33328,880,1549,85,913,58.9412524209167,90.9244673983215,34.3349585568016,104,6.71400903808909,0,0,263,0,0,2,1,254,51.5748031496063,44.8818897637795,10,3,3,0,1521,370.794734275963,7073744.27246094,16012.7412231717
88,Marmstorf,8863,1356,15.299559968408,2555,28.8277107074354,972,10.9669412162925,2392,27.0007901569026,581,43.037037037037,4620,1.95887445887446,1981,42.8787878787879,850,18.3982683982684,180,21.1764705882353,5.8434554701,1516.73954654921,66,98,760,692,68,3072,59.6,165,3.15427260562034,13,1.45089285714286,37,3.41643582640813,444,5.00959043213359,124,11.5134633240483,225,4505,36313,2227,4273,2,2126,49.7542710039785,89.3168733910601,43.0611531084283,110,2.57430376784461,0,0,325,0,0,3,1,463,34.7732181425486,61.9870410367171,7,5,5,2,3843,433.600361051563,16431864.5678711,22473.6021352581
89,Eißendorf,24540,4158,16.9437652811736,5026,20.480847595762,4321,17.6079869600652,9431,38.451502425898,2392,57.6524463726199,13064,1.88556338028169,6523,49.9311083894672,2500,19.1365584813227,641,25.64,8.339131496,2942.75249308288,275,257,2626,2367,259,9057,57,844,5.26447105788423,62,2.20562077552472,137,4.77851412626439,2607,10.6234718826406,781,22.4296381390006,1293,11549,32988,4296,12119,78,3657,30.1757570756663,78.4011057017906,38.7181336593317,674,5.56151497648321,264,39.2,348,0,0,8,3,1288,50.6211180124224,44.0993788819876,14,9,8,1,8886,362.102689486553,23460945.2216797,31084.3536429864
90,Heimfeld,22082,3810,17.2538719318902,3438,15.5692419164931,5343,24.1961778824382,9851,44.5847476804707,2382,62.5196850393701,12171,1.80297428313204,6785,55.7472680962945,2274,18.6837564702983,590,25.9454705364996,13.0042323156,1698.06255871869,272,232,3103,2905,198,8858,57.7,882,5.72207084468665,80,2.85918513223731,116,5.48982489351633,2724,12.335839145005,784,24.2724458204334,1416,9595,30132,2485,10567,16,1539,14.5642093309359,71.4287877354027,34.1811430124083,1577,14.9238194378726,107,6.8,310,0,0,8,2,1156,52.5951557093426,34.5155709342561,27,9,12,3,6308,285.662530567883,36626222.8852539,36977.3548945894
91,Hausbruch,16979,3212,18.9174863066141,3393,19.9835090405795,2553,15.0362212144414,9051,53.3227288794627,2254,70.4815509693559,7688,2.18678459937565,2876,37.4089490114464,1856,24.1415192507804,448,24.1379310344828,9.8349337359,1726.39699015178,158,169,1237,1071,166,6244,56.8,671,6.09279941886861,52,2.45979186376537,131,5.37987679671458,2499,14.7181812827611,756,29.3820443062573,1106,7349,31023,2963,7199,26,2701,37.5190998749826,84.4408945686901,35.8024618646563,1148,15.9466592582303,146,12.7,239,0,0,9,1,1176,63.8605442176871,31.8877551020408,16,4,11,2,6101,359.326226515107,27704313.215332,34659.1843289709
92,Neugraben-Fischbek,29877,5884,19.694079057469,6084,20.3634903102721,5146,17.2239515346253,13747,46.0474308300395,3776,64.4698651186614,13899,2.12044031944744,5510,39.6431397942298,3285,23.6347938700626,776,23.6225266362253,22.5234258677,1326.48559661812,357,303,3268,2492,776,10249,54.7,1173,6.21062106210621,106,3.13609467455621,204,5.45017365749399,4383,14.6701476051812,1263,25.7439869547493,2114,12290,31101,5757,12661,189,5290,41.7818497748993,85.4022589052997,36.1909830304247,868,6.85569860200616,312,35.9,263,0,0,14,4,1832,62.0087336244541,33.4061135371179,38,15,20,5,10507,351.67520166014,63449990.3632813,42482.6351081317
93,Francop,709,108,15.2327221438646,127,17.9125528913963,77,10.8603667136812,111,15.5898876404494,12,11.1111111111111,346,2.10404624277457,134,38.728323699422,68,19.6531791907514,16,23.5294117647059,8.813302542,80.4465745526429,3,2,95,56,39,291,60.5,8,1.60965794768612,0,0,0,0,26,3.66713681241185,6,7.05882352941176,12,356,35782,203,341,12,249,73.0205278592375,97.6568914956012,46.9689703808181,0,0,0,0,229,0,0,0,0,36,66.6666666666667,33.3333333333333,1,0,0,0,374,527.503526093089,24867936.0009766,23501.6376690192
94,Neuenfelde,4861,1026,21.1067681547007,731,15.0380580127546,1495,30.7549886854557,2358,48.5285038073678,662,64.3968871595331,2183,2.16124599175447,947,43.3806688043976,508,23.2707283554741,107,21.0629921259843,15.6755941041,310.099889530094,50,27,548,661,-113,1714,52.2,217,6.61989017693716,21,3.36538461538462,24,4.52830188679245,723,14.8734828224645,254,29.81220657277,321,1909,32879,1037,1945,4,1181,60.719794344473,95.386118251928,38.166220942193,291,14.9614395886889,0,0,224,0,0,3,1,348,64.0804597701149,32.7586206896552,1,1,3,1,1918,394.569018720428,44244637.8603516,31946.4325273759
95,Cranz,840,119,14.1666666666667,150,17.8571428571429,228,27.1428571428571,332,39.5238095238095,66,55.9322033898305,500,1.732,285,57,73,14.6,18,24.6575342465753,1.332876373,630.215987780886,11,9,168,155,13,344,55.2,34,5.77249575551783,3,3.2258064516129,3,2.63157894736842,87,10.3571428571429,22,21.7821782178218,50,378,31335,166,398,0,143,35.929648241206,87.0954773869347,41.2666666666667,0,0,0,0,231,0,0,1,1,37,43.2432432432432,48.6486486486487,2,2,0,0,354,421.428571428571,3768256.07958984,9995.33904363919
96,Kleiner Grasbrook und Steinwerder,1243,70,5.63153660498793,67,5.39018503620274,464,37.3290426387772,615,49.636803874092,61,88.4057971014493,973,1.30421377183967,759,78.0061664953751,38,3.9054470709147,17,44.7368421052632,11.900176586,104.452231529264,7,7,383,360,23,547,50.2,95,8.52017937219731,6,1.76991150442478,12,11.1111111111111,185,14.8833467417538,34,55.7377049180328,128,588,13777,70,735,0,2,0.272108843537415,50.5891156462585,29.9139179404666,0,0,0,0,0,0,0,0,0,20,80,20,0,0,0,0,118,94.9316170555109,33611768.7104492,28803.2914426783
97,Waltershof und Finkenwerder,11765,1896,16.1155971100722,2316,19.6855078623034,1985,16.872078198045,3511,29.8808510638298,892,47.2958642629905,6341,1.86831730011039,3222,50.8121747358461,1168,18.4198076013247,316,27.0547945205479,29.4205098862,399.891097928201,121,119,870,784,86,4802,61.1,404,5.12365250475587,26,1.97718631178707,76,4.62287104622871,1097,9.32426689332767,293,18.7340153452685,596,5919,31649,2299,5777,0,1915,33.148693093301,75.4910853384109,37.0685932851679,701,12.1343257746235,176,25.1,296,0,0,5,2,561,56.8627450980392,40.9982174688057,7,5,7,3,4386,372.800679983,83118203.3134766,46936.0237024006
98,Moorburg und Altenwerder,746,155,20.7774798927614,103,13.8069705093834,68,9.11528150134048,127,17.0469798657718,27,17.5324675324675,386,1.96891191709845,187,48.4455958549223,86,22.279792746114,27,31.3953488372093,16.698194451,44.6754888493543,6,7,77,77,0,294,56.8,21,4.06976744186047,3,3.7037037037037,3,2.67857142857143,63,8.44504021447721,23,18.1102362204724,29,361,34544,226,328,0,242,73.780487804878,99.405487804878,43.7064343163539,0,0,0,0,229,0,0,1,0,47,65.9574468085106,34.0425531914894,0,0,0,0,373,500,47097698.3227539,33566.7044112085
99,Neuland und Gut Moor,1723,408,23.6796285548462,256,14.8578061520604,507,29.4254207777133,718,41.7441860465116,252,62.0689655172414,730,2.20821917808219,296,40.5479452054795,176,24.1095890410959,30,17.0454545454545,10.0703196862,171.09685230362,17,13,239,220,19,586,52.5,52,4.58553791887125,7,3.03030303030303,8,3.88349514563107,278,16.134648868253,113,33.9339339339339,91,693,32295,431,567,1,468,82.5396825396825,102.802469135802,33.8299477655252,0,0,0,0,484,0,0,0,1,135,69.6296296296296,25.1851851851852,0,0,0,0,706,409.75043528729,28351805.2768555,30018.1726194102
